[{"first_name":"Denys","last_name":"Lomas","email":"dlomas0@facebook.com"},
{"first_name":"Nevil","last_name":"Labbett","email":"nlabbett1@vkontakte.ru"},
{"first_name":"Shelley","last_name":"Snartt","email":"ssnartt2@dell.com"},
{"first_name":"Tim","last_name":"Leyton","email":"tleyton3@mapy.cz"},
{"first_name":"Terrance","last_name":"Gamett","email":"tgamett4@huffingtonpost.com"},
{"first_name":"Athena","last_name":"Kobiela","email":"akobiela5@netvibes.com"},
{"first_name":"Michaela","last_name":"Freak","email":"mfreak6@yellowbook.com"},
{"first_name":"Zebedee","last_name":"Pimlock","email":"zpimlock7@1688.com"},
{"first_name":"Ruprecht","last_name":"Stoffels","email":"rstoffels8@gizmodo.com"},
{"first_name":"Lia","last_name":"Maseyk","email":"lmaseyk9@wisc.edu"},
{"first_name":"Eadith","last_name":"Handrahan","email":"ehandrahana@scientificamerican.com"},
{"first_name":"Eldon","last_name":"Swatheridge","email":"eswatheridgeb@hugedomains.com"},
{"first_name":"Goddard","last_name":"Stranger","email":"gstrangerc@skyrock.com"},
{"first_name":"Bud","last_name":"Geaves","email":"bgeavesd@columbia.edu"},
{"first_name":"Gwyneth","last_name":"Menloe","email":"gmenloee@army.mil"},
{"first_name":"Rania","last_name":"Dolle","email":"rdollef@examiner.com"},
{"first_name":"Reinold","last_name":"Sobtka","email":"rsobtkag@phpbb.com"},
{"first_name":"Christie","last_name":"Burles","email":"cburlesh@flavors.me"},
{"first_name":"Korella","last_name":"Pierpoint","email":"kpierpointi@bloglovin.com"},
{"first_name":"Siana","last_name":"Sowter","email":"ssowterj@studiopress.com"},
{"first_name":"Mellie","last_name":"Canfield","email":"mcanfieldk@godaddy.com"},
{"first_name":"Peadar","last_name":"Keveren","email":"pkeverenl@exblog.jp"},
{"first_name":"Mathilde","last_name":"Harbor","email":"mharborm@howstuffworks.com"},
{"first_name":"Kareem","last_name":"Burbridge","email":"kburbridgen@abc.net.au"},
{"first_name":"Goldarina","last_name":"Ivannikov","email":"givannikovo@studiopress.com"},
{"first_name":"Penelopa","last_name":"Pentycost","email":"ppentycostp@nymag.com"},
{"first_name":"Concettina","last_name":"Tew","email":"ctewq@last.fm"},
{"first_name":"Eyde","last_name":"Campelli","email":"ecampellir@seattletimes.com"},
{"first_name":"Marga","last_name":"Swaite","email":"mswaites@yelp.com"},
{"first_name":"Spencer","last_name":"Renfrew","email":"srenfrewt@blog.com"},
{"first_name":"Tori","last_name":"McFetrich","email":"tmcfetrichu@rakuten.co.jp"},
{"first_name":"Pia","last_name":"Gameson","email":"pgamesonv@photobucket.com"},
{"first_name":"Stephani","last_name":"Ferry","email":"sferryw@last.fm"},
{"first_name":"Fabe","last_name":"O'Halligan","email":"fohalliganx@rediff.com"},
{"first_name":"Alexandre","last_name":"Lesser","email":"alessery@myspace.com"},
{"first_name":"Traver","last_name":"Risbie","email":"trisbiez@sfgate.com"},
{"first_name":"Enoch","last_name":"Tink","email":"etink10@twitpic.com"},
{"first_name":"Aubine","last_name":"Garrow","email":"agarrow11@google.co.jp"},
{"first_name":"Phylis","last_name":"Mewrcik","email":"pmewrcik12@cocolog-nifty.com"},
{"first_name":"Benedick","last_name":"Conyard","email":"bconyard13@intel.com"},
{"first_name":"Tadio","last_name":"Buist","email":"tbuist14@merriam-webster.com"},
{"first_name":"Reeba","last_name":"Karle","email":"rkarle15@ustream.tv"},
{"first_name":"Shannon","last_name":"Cuttle","email":"scuttle16@gov.uk"},
{"first_name":"Gillan","last_name":"Robertazzi","email":"grobertazzi17@theglobeandmail.com"},
{"first_name":"Emmi","last_name":"Guite","email":"eguite18@reference.com"},
{"first_name":"Laird","last_name":"Blunsom","email":"lblunsom19@mozilla.org"},
{"first_name":"Olympia","last_name":"Shouler","email":"oshouler1a@prlog.org"},
{"first_name":"Chicky","last_name":"Packman","email":"cpackman1b@skyrock.com"},
{"first_name":"Merwyn","last_name":"Mechic","email":"mmechic1c@prweb.com"},
{"first_name":"Percy","last_name":"Cullip","email":"pcullip1d@ox.ac.uk"},
{"first_name":"Felipa","last_name":"Noonan","email":"fnoonan1e@t-online.de"},
{"first_name":"Mufi","last_name":"Lea","email":"mlea1f@discovery.com"},
{"first_name":"Elsa","last_name":"Madgwich","email":"emadgwich1g@virginia.edu"},
{"first_name":"Joe","last_name":"Kleen","email":"jkleen1h@upenn.edu"},
{"first_name":"Raynard","last_name":"Cullinan","email":"rcullinan1i@sphinn.com"},
{"first_name":"Lanita","last_name":"Hillaby","email":"lhillaby1j@dot.gov"},
{"first_name":"Erl","last_name":"Johansen","email":"ejohansen1k@parallels.com"},
{"first_name":"Whitman","last_name":"Brigman","email":"wbrigman1l@skyrock.com"},
{"first_name":"Ashley","last_name":"Piercy","email":"apiercy1m@twitter.com"},
{"first_name":"Cathleen","last_name":"Stot","email":"cstot1n@google.ca"},
{"first_name":"Tadio","last_name":"Whatling","email":"twhatling1o@chron.com"},
{"first_name":"Marga","last_name":"Divall","email":"mdivall1p@harvard.edu"},
{"first_name":"Kat","last_name":"Jennings","email":"kjennings1q@163.com"},
{"first_name":"Foss","last_name":"Ogers","email":"fogers1r@narod.ru"},
{"first_name":"Netta","last_name":"Terrazzo","email":"nterrazzo1s@admin.ch"},
{"first_name":"Kayne","last_name":"Lythgoe","email":"klythgoe1t@princeton.edu"},
{"first_name":"Robb","last_name":"Preon","email":"rpreon1u@cam.ac.uk"},
{"first_name":"Susette","last_name":"Tumilson","email":"stumilson1v@archive.org"},
{"first_name":"Fredric","last_name":"Gerrett","email":"fgerrett1w@hatena.ne.jp"},
{"first_name":"Aubrey","last_name":"Hainning","email":"ahainning1x@purevolume.com"},
{"first_name":"Donal","last_name":"Shemmans","email":"dshemmans1y@washington.edu"},
{"first_name":"Karlee","last_name":"Doward","email":"kdoward1z@apache.org"},
{"first_name":"Tiffie","last_name":"Attril","email":"tattril20@cafepress.com"},
{"first_name":"Gay","last_name":"Browse","email":"gbrowse21@gmpg.org"},
{"first_name":"Lelah","last_name":"Iacovuzzi","email":"liacovuzzi22@foxnews.com"},
{"first_name":"Robby","last_name":"Sidebotham","email":"rsidebotham23@theglobeandmail.com"},
{"first_name":"Kimbell","last_name":"Whife","email":"kwhife24@kickstarter.com"},
{"first_name":"Mariel","last_name":"Dudson","email":"mdudson25@apple.com"},
{"first_name":"Jaine","last_name":"Stedall","email":"jstedall26@bloomberg.com"},
{"first_name":"Charlean","last_name":"Cabrera","email":"ccabrera27@blogger.com"},
{"first_name":"Deirdre","last_name":"Karpf","email":"dkarpf28@diigo.com"},
{"first_name":"Sandi","last_name":"Belvin","email":"sbelvin29@virginia.edu"},
{"first_name":"Leola","last_name":"MacMoyer","email":"lmacmoyer2a@admin.ch"},
{"first_name":"Teddy","last_name":"Rodolphe","email":"trodolphe2b@facebook.com"},
{"first_name":"Bobbette","last_name":"Kobke","email":"bkobke2c@sitemeter.com"},
{"first_name":"Alla","last_name":"Noir","email":"anoir2d@redcross.org"},
{"first_name":"Vitia","last_name":"Dayne","email":"vdayne2e@princeton.edu"},
{"first_name":"Tanhya","last_name":"Sawden","email":"tsawden2f@businessweek.com"},
{"first_name":"Rourke","last_name":"Greguol","email":"rgreguol2g@fda.gov"},
{"first_name":"Carrie","last_name":"Rosgen","email":"crosgen2h@jalbum.net"},
{"first_name":"Leo","last_name":"Barnardo","email":"lbarnardo2i@ucoz.com"},
{"first_name":"Mirabelle","last_name":"Di Nisco","email":"mdinisco2j@netvibes.com"},
{"first_name":"Renelle","last_name":"Jepp","email":"rjepp2k@vinaora.com"},
{"first_name":"Josy","last_name":"Aston","email":"jaston2l@exblog.jp"},
{"first_name":"Yvor","last_name":"Broadstock","email":"ybroadstock2m@topsy.com"},
{"first_name":"Aaron","last_name":"Parmiter","email":"aparmiter2n@ocn.ne.jp"},
{"first_name":"Honoria","last_name":"Lattie","email":"hlattie2o@about.com"},
{"first_name":"Claiborn","last_name":"Purnell","email":"cpurnell2p@nhs.uk"},
{"first_name":"Freddy","last_name":"Beverstock","email":"fbeverstock2q@gmpg.org"},
{"first_name":"Berti","last_name":"Dowsey","email":"bdowsey2r@amazonaws.com"},
{"first_name":"Tommi","last_name":"Douce","email":"tdouce2s@sogou.com"},
{"first_name":"Trixy","last_name":"Buessen","email":"tbuessen2t@webs.com"},
{"first_name":"Nick","last_name":"Roglieri","email":"nroglieri2u@wikia.com"},
{"first_name":"Tyne","last_name":"Snawden","email":"tsnawden2v@usnews.com"},
{"first_name":"Lusa","last_name":"Bartens","email":"lbartens2w@sohu.com"},
{"first_name":"Gwenette","last_name":"Kilborn","email":"gkilborn2x@icio.us"},
{"first_name":"Far","last_name":"Rouby","email":"frouby2y@aol.com"},
{"first_name":"Otha","last_name":"Goggey","email":"ogoggey2z@mayoclinic.com"},
{"first_name":"Ursola","last_name":"Squirrell","email":"usquirrell30@businessweek.com"},
{"first_name":"Elmo","last_name":"Nevins","email":"enevins31@com.com"},
{"first_name":"Ollie","last_name":"Ingman","email":"oingman32@barnesandnoble.com"},
{"first_name":"Carmelia","last_name":"Akam","email":"cakam33@usa.gov"},
{"first_name":"Jammal","last_name":"Lethieulier","email":"jlethieulier34@prlog.org"},
{"first_name":"Inglis","last_name":"Durn","email":"idurn35@amazon.de"},
{"first_name":"Galven","last_name":"Bridgman","email":"gbridgman36@theglobeandmail.com"},
{"first_name":"Genevieve","last_name":"Fairfull","email":"gfairfull37@theguardian.com"},
{"first_name":"Lazare","last_name":"Hicklingbottom","email":"lhicklingbottom38@bigcartel.com"},
{"first_name":"Brett","last_name":"Andrich","email":"bandrich39@mashable.com"},
{"first_name":"Penelope","last_name":"Bouchier","email":"pbouchier3a@youku.com"},
{"first_name":"Luis","last_name":"Orum","email":"lorum3b@scientificamerican.com"},
{"first_name":"Olvan","last_name":"Mauvin","email":"omauvin3c@e-recht24.de"},
{"first_name":"Micky","last_name":"Paradis","email":"mparadis3d@studiopress.com"},
{"first_name":"Ruy","last_name":"Look","email":"rlook3e@quantcast.com"},
{"first_name":"Lanni","last_name":"Burnsides","email":"lburnsides3f@ox.ac.uk"},
{"first_name":"Shauna","last_name":"Martinon","email":"smartinon3g@discovery.com"},
{"first_name":"Sherrie","last_name":"Lindenberg","email":"slindenberg3h@shareasale.com"},
{"first_name":"Sadye","last_name":"Van Arsdall","email":"svanarsdall3i@livejournal.com"},
{"first_name":"Anneliese","last_name":"Altofts","email":"aaltofts3j@gizmodo.com"},
{"first_name":"Carroll","last_name":"Vigietti","email":"cvigietti3k@technorati.com"},
{"first_name":"Eveline","last_name":"Alton","email":"ealton3l@senate.gov"},
{"first_name":"Deny","last_name":"Aireton","email":"daireton3m@nationalgeographic.com"},
{"first_name":"Mellicent","last_name":"Langridge","email":"mlangridge3n@gov.uk"},
{"first_name":"Alma","last_name":"Minihan","email":"aminihan3o@unblog.fr"},
{"first_name":"Dorrie","last_name":"Levinge","email":"dlevinge3p@wsj.com"},
{"first_name":"Romonda","last_name":"Demcak","email":"rdemcak3q@t.co"},
{"first_name":"Courtney","last_name":"Frapwell","email":"cfrapwell3r@drupal.org"},
{"first_name":"Blakeley","last_name":"Kropp","email":"bkropp3s@addthis.com"},
{"first_name":"Raquel","last_name":"Marnane","email":"rmarnane3t@histats.com"},
{"first_name":"Valaree","last_name":"Godlonton","email":"vgodlonton3u@php.net"},
{"first_name":"Damara","last_name":"Heak","email":"dheak3v@berkeley.edu"},
{"first_name":"Antonia","last_name":"Doget","email":"adoget3w@census.gov"},
{"first_name":"Perri","last_name":"Kinney","email":"pkinney3x@mtv.com"},
{"first_name":"Nicolais","last_name":"Dufton","email":"ndufton3y@alibaba.com"},
{"first_name":"Brenn","last_name":"Pollendine","email":"bpollendine3z@ucoz.com"},
{"first_name":"Jennie","last_name":"Boullin","email":"jboullin40@infoseek.co.jp"},
{"first_name":"Fawn","last_name":"Lenden","email":"flenden41@yelp.com"},
{"first_name":"Liliane","last_name":"Goatcher","email":"lgoatcher42@java.com"},
{"first_name":"Bethanne","last_name":"Spreull","email":"bspreull43@tmall.com"},
{"first_name":"Maybelle","last_name":"Sappy","email":"msappy44@dagondesign.com"},
{"first_name":"Kinsley","last_name":"Welldrake","email":"kwelldrake45@imdb.com"},
{"first_name":"Wilton","last_name":"Kadwallider","email":"wkadwallider46@alexa.com"},
{"first_name":"Bonnie","last_name":"Carette","email":"bcarette47@diigo.com"},
{"first_name":"Car","last_name":"Carabet","email":"ccarabet48@printfriendly.com"},
{"first_name":"Ody","last_name":"Georgievski","email":"ogeorgievski49@constantcontact.com"},
{"first_name":"Laurice","last_name":"Darrel","email":"ldarrel4a@woothemes.com"},
{"first_name":"Darelle","last_name":"Lindsay","email":"dlindsay4b@vinaora.com"},
{"first_name":"Tiphanie","last_name":"Ten Broek","email":"ttenbroek4c@discovery.com"},
{"first_name":"Farrell","last_name":"Northen","email":"fnorthen4d@elegantthemes.com"},
{"first_name":"Marlow","last_name":"Durman","email":"mdurman4e@tripadvisor.com"},
{"first_name":"Randy","last_name":"Guisler","email":"rguisler4f@1688.com"},
{"first_name":"Aurilia","last_name":"Duchasteau","email":"aduchasteau4g@gravatar.com"},
{"first_name":"Tymothy","last_name":"Chaplin","email":"tchaplin4h@usnews.com"},
{"first_name":"Luigi","last_name":"Togwell","email":"ltogwell4i@msn.com"},
{"first_name":"Kamillah","last_name":"Connop","email":"kconnop4j@wired.com"},
{"first_name":"Atlante","last_name":"Cowope","email":"acowope4k@123-reg.co.uk"},
{"first_name":"Humberto","last_name":"McCandless","email":"hmccandless4l@privacy.gov.au"},
{"first_name":"Jammal","last_name":"Greaterex","email":"jgreaterex4m@4shared.com"},
{"first_name":"Terri","last_name":"Tersay","email":"ttersay4n@google.com"},
{"first_name":"Kara","last_name":"Keyme","email":"kkeyme4o@oakley.com"},
{"first_name":"Sly","last_name":"Dalloway","email":"sdalloway4p@thetimes.co.uk"},
{"first_name":"Collette","last_name":"Mufford","email":"cmufford4q@about.me"},
{"first_name":"Ewen","last_name":"Bearcroft","email":"ebearcroft4r@google.pl"},
{"first_name":"Margo","last_name":"Fasset","email":"mfasset4s@yellowpages.com"},
{"first_name":"Corny","last_name":"Pottle","email":"cpottle4t@arizona.edu"},
{"first_name":"Bernardo","last_name":"Rilston","email":"brilston4u@jugem.jp"},
{"first_name":"Lek","last_name":"Binny","email":"lbinny4v@flickr.com"},
{"first_name":"Blair","last_name":"Southon","email":"bsouthon4w@msn.com"},
{"first_name":"Nealson","last_name":"Crumpton","email":"ncrumpton4x@nydailynews.com"},
{"first_name":"Aldric","last_name":"Sousa","email":"asousa4y@nyu.edu"},
{"first_name":"Pancho","last_name":"Turfus","email":"pturfus4z@sakura.ne.jp"},
{"first_name":"Ursula","last_name":"Mendonca","email":"umendonca50@ocn.ne.jp"},
{"first_name":"De","last_name":"De Angelis","email":"ddeangelis51@msn.com"},
{"first_name":"Kippy","last_name":"Guirardin","email":"kguirardin52@washingtonpost.com"},
{"first_name":"Micaela","last_name":"Tranfield","email":"mtranfield53@icq.com"},
{"first_name":"Eric","last_name":"Mogra","email":"emogra54@noaa.gov"},
{"first_name":"Astra","last_name":"McUre","email":"amcure55@indiegogo.com"},
{"first_name":"Joelle","last_name":"De Maria","email":"jdemaria56@google.it"},
{"first_name":"Elberta","last_name":"Bowart","email":"ebowart57@icio.us"},
{"first_name":"Alexandre","last_name":"Winger","email":"awinger58@epa.gov"},
{"first_name":"Nicko","last_name":"Millery","email":"nmillery59@biblegateway.com"},
{"first_name":"Torr","last_name":"Hynde","email":"thynde5a@walmart.com"},
{"first_name":"Jacquelin","last_name":"Kinningley","email":"jkinningley5b@phpbb.com"},
{"first_name":"Damon","last_name":"Harrisson","email":"dharrisson5c@blogger.com"},
{"first_name":"Junie","last_name":"Peakman","email":"jpeakman5d@addthis.com"},
{"first_name":"Merilee","last_name":"Phelps","email":"mphelps5e@gov.uk"},
{"first_name":"Jorrie","last_name":"Harmon","email":"jharmon5f@mit.edu"},
{"first_name":"Ardene","last_name":"Jimpson","email":"ajimpson5g@wired.com"},
{"first_name":"Candice","last_name":"Foreman","email":"cforeman5h@stumbleupon.com"},
{"first_name":"Gordy","last_name":"Southward","email":"gsouthward5i@deliciousdays.com"},
{"first_name":"Augie","last_name":"Dabinett","email":"adabinett5j@disqus.com"},
{"first_name":"Dredi","last_name":"Connett","email":"dconnett5k@uol.com.br"},
{"first_name":"Cariotta","last_name":"Ricketts","email":"cricketts5l@princeton.edu"},
{"first_name":"Levy","last_name":"Heazel","email":"lheazel5m@gnu.org"},
{"first_name":"Lauralee","last_name":"Bradford","email":"lbradford5n@free.fr"},
{"first_name":"Kerwin","last_name":"Gaitley","email":"kgaitley5o@etsy.com"},
{"first_name":"Fielding","last_name":"Flaxman","email":"fflaxman5p@desdev.cn"},
{"first_name":"Clive","last_name":"Willgress","email":"cwillgress5q@china.com.cn"},
{"first_name":"Hayley","last_name":"Dillingston","email":"hdillingston5r@webnode.com"},
{"first_name":"Syman","last_name":"MacFarlan","email":"smacfarlan5s@mail.ru"},
{"first_name":"Parnell","last_name":"Busson","email":"pbusson5t@state.tx.us"},
{"first_name":"Melita","last_name":"Emney","email":"memney5u@cisco.com"},
{"first_name":"Sonia","last_name":"Breinlein","email":"sbreinlein5v@blog.com"},
{"first_name":"Sandy","last_name":"Saich","email":"ssaich5w@umn.edu"},
{"first_name":"Papageno","last_name":"Heel","email":"pheel5x@joomla.org"},
{"first_name":"Tarah","last_name":"Brookes","email":"tbrookes5y@bluehost.com"},
{"first_name":"Thedrick","last_name":"Ruecastle","email":"truecastle5z@ucla.edu"},
{"first_name":"Reagan","last_name":"Kauscher","email":"rkauscher60@cmu.edu"},
{"first_name":"Lorrin","last_name":"Row","email":"lrow61@lycos.com"},
{"first_name":"Clayborne","last_name":"Tarburn","email":"ctarburn62@51.la"},
{"first_name":"Garry","last_name":"Milliere","email":"gmilliere63@slate.com"},
{"first_name":"Milena","last_name":"Thaller","email":"mthaller64@ftc.gov"},
{"first_name":"Ramona","last_name":"Rule","email":"rrule65@fotki.com"},
{"first_name":"Cyril","last_name":"Philcott","email":"cphilcott66@nymag.com"},
{"first_name":"Brooks","last_name":"Simoneau","email":"bsimoneau67@yale.edu"},
{"first_name":"Domini","last_name":"Timbs","email":"dtimbs68@homestead.com"},
{"first_name":"Hedwig","last_name":"Ibbett","email":"hibbett69@google.com.hk"},
{"first_name":"Bert","last_name":"Rowena","email":"browena6a@weather.com"},
{"first_name":"Donnie","last_name":"Budge","email":"dbudge6b@house.gov"},
{"first_name":"Gay","last_name":"Carleman","email":"gcarleman6c@samsung.com"},
{"first_name":"Hillary","last_name":"Pymar","email":"hpymar6d@dyndns.org"},
{"first_name":"Casi","last_name":"Kalinsky","email":"ckalinsky6e@nba.com"},
{"first_name":"Osmund","last_name":"Riccione","email":"oriccione6f@histats.com"},
{"first_name":"Engracia","last_name":"Stoad","email":"estoad6g@tripod.com"},
{"first_name":"Hewe","last_name":"Oliveti","email":"holiveti6h@mediafire.com"},
{"first_name":"Alena","last_name":"Boyan","email":"aboyan6i@technorati.com"},
{"first_name":"Jocelyn","last_name":"Cawsby","email":"jcawsby6j@economist.com"},
{"first_name":"Kain","last_name":"Mouncey","email":"kmouncey6k@php.net"},
{"first_name":"Letti","last_name":"Penvarne","email":"lpenvarne6l@wordpress.org"},
{"first_name":"Thoma","last_name":"Woodhams","email":"twoodhams6m@tinypic.com"},
{"first_name":"Alphonso","last_name":"Colson","email":"acolson6n@imdb.com"},
{"first_name":"Theda","last_name":"Izac","email":"tizac6o@newsvine.com"},
{"first_name":"Udall","last_name":"Folk","email":"ufolk6p@businesswire.com"},
{"first_name":"Marchall","last_name":"Hawkswood","email":"mhawkswood6q@toplist.cz"},
{"first_name":"Natale","last_name":"Bunnell","email":"nbunnell6r@fema.gov"},
{"first_name":"Gallard","last_name":"Oman","email":"goman6s@yandex.ru"},
{"first_name":"Barby","last_name":"Birch","email":"bbirch6t@canalblog.com"},
{"first_name":"Adeline","last_name":"Dowsett","email":"adowsett6u@nbcnews.com"},
{"first_name":"Adelle","last_name":"O'Bradden","email":"aobradden6v@house.gov"},
{"first_name":"Margot","last_name":"De Banke","email":"mdebanke6w@smh.com.au"},
{"first_name":"Shayne","last_name":"Mackstead","email":"smackstead6x@yandex.ru"},
{"first_name":"Moria","last_name":"De Ferrari","email":"mdeferrari6y@ehow.com"},
{"first_name":"Tandie","last_name":"Steabler","email":"tsteabler6z@phoca.cz"},
{"first_name":"Prue","last_name":"Rablan","email":"prablan70@dailymotion.com"},
{"first_name":"Danya","last_name":"Dabrowski","email":"ddabrowski71@webeden.co.uk"},
{"first_name":"Barb","last_name":"Bielfeldt","email":"bbielfeldt72@google.es"},
{"first_name":"Wendie","last_name":"Colthurst","email":"wcolthurst73@independent.co.uk"},
{"first_name":"Antoine","last_name":"Idwal Evans","email":"aidwalevans74@apple.com"},
{"first_name":"Nobie","last_name":"Stedmond","email":"nstedmond75@globo.com"},
{"first_name":"Fred","last_name":"Essel","email":"fessel76@free.fr"},
{"first_name":"Jose","last_name":"Sutcliffe","email":"jsutcliffe77@elpais.com"},
{"first_name":"Alison","last_name":"Killen","email":"akillen78@youtu.be"},
{"first_name":"Bank","last_name":"Ceschi","email":"bceschi79@wufoo.com"},
{"first_name":"Major","last_name":"Stroton","email":"mstroton7a@google.pl"},
{"first_name":"Lazare","last_name":"Penas","email":"lpenas7b@soundcloud.com"},
{"first_name":"Reta","last_name":"Vinnicombe","email":"rvinnicombe7c@instagram.com"},
{"first_name":"Corrie","last_name":"Leate","email":"cleate7d@dailymail.co.uk"},
{"first_name":"Karoly","last_name":"Faley","email":"kfaley7e@engadget.com"},
{"first_name":"Deedee","last_name":"Bess","email":"dbess7f@reference.com"},
{"first_name":"Phelia","last_name":"Sisse","email":"psisse7g@blogspot.com"},
{"first_name":"Sadye","last_name":"Cudihy","email":"scudihy7h@sun.com"},
{"first_name":"Cookie","last_name":"Poad","email":"cpoad7i@hp.com"},
{"first_name":"Masha","last_name":"Rottery","email":"mrottery7j@seattletimes.com"},
{"first_name":"Wit","last_name":"Rickaert","email":"wrickaert7k@tiny.cc"},
{"first_name":"Barthel","last_name":"Rowlin","email":"browlin7l@wikimedia.org"},
{"first_name":"Osbourne","last_name":"Karolovsky","email":"okarolovsky7m@moonfruit.com"},
{"first_name":"Killie","last_name":"Grenkov","email":"kgrenkov7n@google.com.au"},
{"first_name":"Alvera","last_name":"Markham","email":"amarkham7o@desdev.cn"},
{"first_name":"Gustavo","last_name":"Coplestone","email":"gcoplestone7p@imdb.com"},
{"first_name":"Howard","last_name":"Allridge","email":"hallridge7q@histats.com"},
{"first_name":"Waylan","last_name":"Petroselli","email":"wpetroselli7r@macromedia.com"},
{"first_name":"Calypso","last_name":"Sharrier","email":"csharrier7s@deviantart.com"},
{"first_name":"Ivett","last_name":"Hintze","email":"ihintze7t@soup.io"},
{"first_name":"Liam","last_name":"Bondar","email":"lbondar7u@google.de"},
{"first_name":"Israel","last_name":"Peacocke","email":"ipeacocke7v@comsenz.com"},
{"first_name":"Shandie","last_name":"Roberson","email":"sroberson7w@fc2.com"},
{"first_name":"Sandy","last_name":"Cluelow","email":"scluelow7x@webmd.com"},
{"first_name":"Briant","last_name":"Leverentz","email":"bleverentz7y@opera.com"},
{"first_name":"Sheila","last_name":"Iannitti","email":"siannitti7z@geocities.jp"},
{"first_name":"Elly","last_name":"Gaukroger","email":"egaukroger80@timesonline.co.uk"},
{"first_name":"Waite","last_name":"Gonnard","email":"wgonnard81@psu.edu"},
{"first_name":"Pris","last_name":"Lagden","email":"plagden82@wikimedia.org"},
{"first_name":"Ethelbert","last_name":"Kopf","email":"ekopf83@bigcartel.com"},
{"first_name":"Yetta","last_name":"Luxen","email":"yluxen84@adobe.com"},
{"first_name":"Miguel","last_name":"Battams","email":"mbattams85@storify.com"},
{"first_name":"Windy","last_name":"Farnin","email":"wfarnin86@istockphoto.com"},
{"first_name":"Sarajane","last_name":"O' Kelleher","email":"sokelleher87@shop-pro.jp"},
{"first_name":"Corabel","last_name":"Yerill","email":"cyerill88@sitemeter.com"},
{"first_name":"Kristofer","last_name":"Galvin","email":"kgalvin89@ameblo.jp"},
{"first_name":"Bee","last_name":"Chritchley","email":"bchritchley8a@nyu.edu"},
{"first_name":"Base","last_name":"Shildrick","email":"bshildrick8b@house.gov"},
{"first_name":"Tonya","last_name":"Dowzell","email":"tdowzell8c@ft.com"},
{"first_name":"Arlen","last_name":"Molson","email":"amolson8d@skype.com"},
{"first_name":"Gan","last_name":"Cayzer","email":"gcayzer8e@businesswire.com"},
{"first_name":"Krispin","last_name":"Deere","email":"kdeere8f@themeforest.net"},
{"first_name":"Brody","last_name":"Gage","email":"bgage8g@nasa.gov"},
{"first_name":"Tonye","last_name":"Spiby","email":"tspiby8h@edublogs.org"},
{"first_name":"Alfy","last_name":"Clausius","email":"aclausius8i@woothemes.com"},
{"first_name":"Aube","last_name":"Ratnage","email":"aratnage8j@wikimedia.org"},
{"first_name":"Tracie","last_name":"Belleny","email":"tbelleny8k@youtu.be"},
{"first_name":"Noe","last_name":"Bailie","email":"nbailie8l@senate.gov"},
{"first_name":"Michelle","last_name":"Aherne","email":"maherne8m@redcross.org"},
{"first_name":"Fernandina","last_name":"Allridge","email":"fallridge8n@fc2.com"},
{"first_name":"Felecia","last_name":"Cohn","email":"fcohn8o@who.int"},
{"first_name":"Randall","last_name":"Suart","email":"rsuart8p@wikispaces.com"},
{"first_name":"Massimiliano","last_name":"Easterfield","email":"measterfield8q@wsj.com"},
{"first_name":"Dario","last_name":"Sibun","email":"dsibun8r@acquirethisname.com"},
{"first_name":"Bartholomeo","last_name":"Doncom","email":"bdoncom8s@cbsnews.com"},
{"first_name":"Ezekiel","last_name":"Gotling","email":"egotling8t@mail.ru"},
{"first_name":"Wade","last_name":"Cassells","email":"wcassells8u@addthis.com"},
{"first_name":"Shelby","last_name":"Laval","email":"slaval8v@foxnews.com"},
{"first_name":"Becca","last_name":"Follan","email":"bfollan8w@photobucket.com"},
{"first_name":"Randene","last_name":"Abramovicz","email":"rabramovicz8x@bluehost.com"},
{"first_name":"Zelda","last_name":"Ronchetti","email":"zronchetti8y@senate.gov"},
{"first_name":"Violante","last_name":"Fowell","email":"vfowell8z@bloomberg.com"},
{"first_name":"Lola","last_name":"Braithwait","email":"lbraithwait90@mapquest.com"},
{"first_name":"Ritchie","last_name":"Pudsey","email":"rpudsey91@scribd.com"},
{"first_name":"Ferd","last_name":"Grinter","email":"fgrinter92@businessweek.com"},
{"first_name":"Randa","last_name":"Mann","email":"rmann93@amazon.de"},
{"first_name":"Siobhan","last_name":"Pietraszek","email":"spietraszek94@wufoo.com"},
{"first_name":"May","last_name":"Grimmolby","email":"mgrimmolby95@unesco.org"},
{"first_name":"George","last_name":"Pickthall","email":"gpickthall96@globo.com"},
{"first_name":"Nickie","last_name":"Hellin","email":"nhellin97@amazonaws.com"},
{"first_name":"Niall","last_name":"De Roberto","email":"nderoberto98@nba.com"},
{"first_name":"Joye","last_name":"Fawloe","email":"jfawloe99@jimdo.com"},
{"first_name":"Jacquenetta","last_name":"Habben","email":"jhabben9a@goo.gl"},
{"first_name":"Welsh","last_name":"Edinburgh","email":"wedinburgh9b@symantec.com"},
{"first_name":"Glenda","last_name":"Coultish","email":"gcoultish9c@hugedomains.com"},
{"first_name":"Lionel","last_name":"Heggs","email":"lheggs9d@mit.edu"},
{"first_name":"Ynes","last_name":"Sarl","email":"ysarl9e@arstechnica.com"},
{"first_name":"Clementia","last_name":"Claxson","email":"cclaxson9f@pinterest.com"},
{"first_name":"Hildy","last_name":"Apps","email":"happs9g@odnoklassniki.ru"},
{"first_name":"Zitella","last_name":"Trustey","email":"ztrustey9h@businessweek.com"},
{"first_name":"Gar","last_name":"Madsen","email":"gmadsen9i@nature.com"},
{"first_name":"Leona","last_name":"Kleisle","email":"lkleisle9j@unicef.org"},
{"first_name":"Andeee","last_name":"Gervaise","email":"agervaise9k@dedecms.com"},
{"first_name":"Gaspard","last_name":"Willerstone","email":"gwillerstone9l@pinterest.com"},
{"first_name":"Abbey","last_name":"Gentner","email":"agentner9m@japanpost.jp"},
{"first_name":"Gustave","last_name":"Batha","email":"gbatha9n@imgur.com"},
{"first_name":"Abrahan","last_name":"Erskin","email":"aerskin9o@prlog.org"},
{"first_name":"Mathew","last_name":"Roakes","email":"mroakes9p@weather.com"},
{"first_name":"Nichole","last_name":"Pyson","email":"npyson9q@reddit.com"},
{"first_name":"Natty","last_name":"Simioni","email":"nsimioni9r@qq.com"},
{"first_name":"Dickie","last_name":"Kubelka","email":"dkubelka9s@xing.com"},
{"first_name":"Marrilee","last_name":"Ingyon","email":"mingyon9t@bloglines.com"},
{"first_name":"Dallas","last_name":"Breyt","email":"dbreyt9u@miibeian.gov.cn"},
{"first_name":"Aeriel","last_name":"Glasner","email":"aglasner9v@smugmug.com"},
{"first_name":"Cristine","last_name":"Sprankling","email":"csprankling9w@toplist.cz"},
{"first_name":"Muffin","last_name":"Domerq","email":"mdomerq9x@sitemeter.com"},
{"first_name":"Ruy","last_name":"Tebbe","email":"rtebbe9y@unesco.org"},
{"first_name":"Jerry","last_name":"Dressel","email":"jdressel9z@liveinternet.ru"},
{"first_name":"Ameline","last_name":"Leonida","email":"aleonidaa0@nymag.com"},
{"first_name":"Clareta","last_name":"Davern","email":"cdaverna1@hhs.gov"},
{"first_name":"Raye","last_name":"Grafton","email":"rgraftona2@opera.com"},
{"first_name":"Jeremy","last_name":"Jenteau","email":"jjenteaua3@sina.com.cn"},
{"first_name":"Kassi","last_name":"Nockles","email":"knocklesa4@weather.com"},
{"first_name":"Daryl","last_name":"Kemet","email":"dkemeta5@apple.com"},
{"first_name":"Blake","last_name":"Payze","email":"bpayzea6@sphinn.com"},
{"first_name":"Francklyn","last_name":"Wildgoose","email":"fwildgoosea7@cbslocal.com"},
{"first_name":"Kay","last_name":"Greene","email":"kgreenea8@china.com.cn"},
{"first_name":"Vinson","last_name":"Levison","email":"vlevisona9@ning.com"},
{"first_name":"Alejandra","last_name":"De Winton","email":"adewintonaa@github.io"},
{"first_name":"Cheryl","last_name":"Ainsby","email":"cainsbyab@gov.uk"},
{"first_name":"Cris","last_name":"Rolfi","email":"crolfiac@abc.net.au"},
{"first_name":"Tadd","last_name":"Spellesy","email":"tspellesyad@businesswire.com"},
{"first_name":"Claudius","last_name":"Champion","email":"cchampionae@icq.com"},
{"first_name":"Chan","last_name":"McKissack","email":"cmckissackaf@e-recht24.de"},
{"first_name":"Micky","last_name":"Dows","email":"mdowsag@pcworld.com"},
{"first_name":"Carmela","last_name":"Howsden","email":"chowsdenah@newsvine.com"},
{"first_name":"Reinhard","last_name":"Patroni","email":"rpatroniai@pcworld.com"},
{"first_name":"Cher","last_name":"Slixby","email":"cslixbyaj@bandcamp.com"},
{"first_name":"Kerrin","last_name":"Linstead","email":"klinsteadak@geocities.com"},
{"first_name":"Glendon","last_name":"Woodfield","email":"gwoodfieldal@tripadvisor.com"},
{"first_name":"Cheryl","last_name":"Loveman","email":"clovemanam@mapquest.com"},
{"first_name":"Barnard","last_name":"Waiton","email":"bwaitonan@youtu.be"},
{"first_name":"Emera","last_name":"Croome","email":"ecroomeao@jalbum.net"},
{"first_name":"Estrellita","last_name":"Moneti","email":"emonetiap@github.com"},
{"first_name":"Ora","last_name":"Cotsford","email":"ocotsfordaq@people.com.cn"},
{"first_name":"Akim","last_name":"Gundrey","email":"agundreyar@apache.org"},
{"first_name":"Nedi","last_name":"Baterip","email":"nbateripas@sphinn.com"},
{"first_name":"Gasper","last_name":"Dumphry","email":"gdumphryat@nytimes.com"},
{"first_name":"Welby","last_name":"Szantho","email":"wszanthoau@plala.or.jp"},
{"first_name":"Melisse","last_name":"Sibbald","email":"msibbaldav@apache.org"},
{"first_name":"Eran","last_name":"Preedy","email":"epreedyaw@shareasale.com"},
{"first_name":"Zach","last_name":"Crosetto","email":"zcrosettoax@goo.gl"},
{"first_name":"Aland","last_name":"Ferrai","email":"aferraiay@soundcloud.com"},
{"first_name":"Donni","last_name":"Greenstead","email":"dgreensteadaz@nifty.com"},
{"first_name":"Emelyne","last_name":"Izak","email":"eizakb0@rakuten.co.jp"},
{"first_name":"Chandra","last_name":"Doy","email":"cdoyb1@chron.com"},
{"first_name":"Kaye","last_name":"MacMillan","email":"kmacmillanb2@disqus.com"},
{"first_name":"Sinclare","last_name":"Plumridge","email":"splumridgeb3@aboutads.info"},
{"first_name":"Pia","last_name":"Sydney","email":"psydneyb4@twitpic.com"},
{"first_name":"Alex","last_name":"Cully","email":"acullyb5@theglobeandmail.com"},
{"first_name":"Ardisj","last_name":"Bushill","email":"abushillb6@earthlink.net"},
{"first_name":"Klarrisa","last_name":"Pepon","email":"kpeponb7@wikipedia.org"},
{"first_name":"Rubi","last_name":"Laffin","email":"rlaffinb8@utexas.edu"},
{"first_name":"Robbi","last_name":"Tatershall","email":"rtatershallb9@zdnet.com"},
{"first_name":"Matt","last_name":"Venney","email":"mvenneyba@eventbrite.com"},
{"first_name":"Sapphire","last_name":"Brundle","email":"sbrundlebb@istockphoto.com"},
{"first_name":"Christine","last_name":"Keasy","email":"ckeasybc@scribd.com"},
{"first_name":"Eran","last_name":"Knight","email":"eknightbd@furl.net"},
{"first_name":"Philip","last_name":"Vern","email":"pvernbe@myspace.com"},
{"first_name":"Travis","last_name":"Acory","email":"tacorybf@mashable.com"},
{"first_name":"Annadiana","last_name":"Doneld","email":"adoneldbg@ox.ac.uk"},
{"first_name":"Sybille","last_name":"Snawden","email":"ssnawdenbh@ft.com"},
{"first_name":"Hyacintha","last_name":"Dozdill","email":"hdozdillbi@free.fr"},
{"first_name":"Berrie","last_name":"Colquitt","email":"bcolquittbj@shareasale.com"},
{"first_name":"Lainey","last_name":"Renshall","email":"lrenshallbk@artisteer.com"},
{"first_name":"Austen","last_name":"Gregan","email":"agreganbl@addtoany.com"},
{"first_name":"Walther","last_name":"Grzes","email":"wgrzesbm@gravatar.com"},
{"first_name":"Cordy","last_name":"Caveau","email":"ccaveaubn@mit.edu"},
{"first_name":"Adham","last_name":"Klulisek","email":"aklulisekbo@so-net.ne.jp"},
{"first_name":"Rivkah","last_name":"Bolin","email":"rbolinbp@gravatar.com"},
{"first_name":"Grady","last_name":"Burchard","email":"gburchardbq@sbwire.com"},
{"first_name":"Tanney","last_name":"Sargant","email":"tsargantbr@msu.edu"},
{"first_name":"Gavin","last_name":"Jovasevic","email":"gjovasevicbs@guardian.co.uk"},
{"first_name":"Reynold","last_name":"Brewitt","email":"rbrewittbt@surveymonkey.com"},
{"first_name":"Norri","last_name":"Scolding","email":"nscoldingbu@phoca.cz"},
{"first_name":"Adel","last_name":"Haddington","email":"ahaddingtonbv@census.gov"},
{"first_name":"Claudelle","last_name":"Yallowley","email":"cyallowleybw@skyrock.com"},
{"first_name":"Latashia","last_name":"Kardos","email":"lkardosbx@buzzfeed.com"},
{"first_name":"Bonny","last_name":"Wannan","email":"bwannanby@meetup.com"},
{"first_name":"Alfie","last_name":"Hamblen","email":"ahamblenbz@t-online.de"},
{"first_name":"Neely","last_name":"Prayer","email":"nprayerc0@netscape.com"},
{"first_name":"Deni","last_name":"Whieldon","email":"dwhieldonc1@oaic.gov.au"},
{"first_name":"Samuele","last_name":"Swain","email":"sswainc2@people.com.cn"},
{"first_name":"Gwenni","last_name":"Elmhirst","email":"gelmhirstc3@infoseek.co.jp"},
{"first_name":"Hal","last_name":"Flaunier","email":"hflaunierc4@aol.com"},
{"first_name":"Emmet","last_name":"Gerriet","email":"egerrietc5@mit.edu"},
{"first_name":"Gweneth","last_name":"Raiston","email":"graistonc6@cornell.edu"},
{"first_name":"Abrahan","last_name":"Blanchflower","email":"ablanchflowerc7@patch.com"},
{"first_name":"Brew","last_name":"Legg","email":"bleggc8@nydailynews.com"},
{"first_name":"Lorrin","last_name":"Birkmyre","email":"lbirkmyrec9@twitter.com"},
{"first_name":"Winslow","last_name":"Bools","email":"wboolsca@cargocollective.com"},
{"first_name":"Kort","last_name":"McIndrew","email":"kmcindrewcb@issuu.com"},
{"first_name":"Freeman","last_name":"Canedo","email":"fcanedocc@parallels.com"},
{"first_name":"Amaleta","last_name":"Del Monte","email":"adelmontecd@blog.com"},
{"first_name":"Brittni","last_name":"Tripcony","email":"btripconyce@wordpress.com"},
{"first_name":"Valma","last_name":"Willmetts","email":"vwillmettscf@scientificamerican.com"},
{"first_name":"Ludvig","last_name":"Josephsen","email":"ljosephsencg@addthis.com"},
{"first_name":"Bordy","last_name":"Mackelworth","email":"bmackelworthch@answers.com"},
{"first_name":"Josias","last_name":"Matczak","email":"jmatczakci@umich.edu"},
{"first_name":"Renate","last_name":"Gerrie","email":"rgerriecj@usa.gov"},
{"first_name":"Wilone","last_name":"Bradnam","email":"wbradnamck@scientificamerican.com"},
{"first_name":"Genna","last_name":"Limpricht","email":"glimprichtcl@macromedia.com"},
{"first_name":"Crosby","last_name":"Olenov","email":"colenovcm@timesonline.co.uk"},
{"first_name":"Katina","last_name":"Scamal","email":"kscamalcn@cpanel.net"},
{"first_name":"Luce","last_name":"Sygrove","email":"lsygroveco@wix.com"},
{"first_name":"Nikki","last_name":"Wetheril","email":"nwetherilcp@mlb.com"},
{"first_name":"Faber","last_name":"Stickford","email":"fstickfordcq@washington.edu"},
{"first_name":"Gardy","last_name":"Bladder","email":"gbladdercr@miitbeian.gov.cn"},
{"first_name":"Kimbell","last_name":"Pinchen","email":"kpinchencs@yellowbook.com"},
{"first_name":"Benjamen","last_name":"Jefford","email":"bjeffordct@foxnews.com"},
{"first_name":"Morganica","last_name":"Moland","email":"mmolandcu@webnode.com"},
{"first_name":"Albrecht","last_name":"McGillreich","email":"amcgillreichcv@hud.gov"},
{"first_name":"Gladi","last_name":"Iacomi","email":"giacomicw@w3.org"},
{"first_name":"Frayda","last_name":"Gooding","email":"fgoodingcx@a8.net"},
{"first_name":"Shaina","last_name":"Hindhaugh","email":"shindhaughcy@businessweek.com"},
{"first_name":"Em","last_name":"Clemson","email":"eclemsoncz@wikia.com"},
{"first_name":"Ewell","last_name":"Learmond","email":"elearmondd0@oaic.gov.au"},
{"first_name":"Sheffy","last_name":"Tabourel","email":"staboureld1@nature.com"},
{"first_name":"Horacio","last_name":"Warby","email":"hwarbyd2@usda.gov"},
{"first_name":"Inger","last_name":"Hammond","email":"ihammondd3@shop-pro.jp"},
{"first_name":"Raquela","last_name":"Byatt","email":"rbyattd4@foxnews.com"},
{"first_name":"Brody","last_name":"Taffie","email":"btaffied5@who.int"},
{"first_name":"Robinia","last_name":"Durrett","email":"rdurrettd6@ucoz.ru"},
{"first_name":"Moishe","last_name":"Preene","email":"mpreened7@behance.net"},
{"first_name":"Candace","last_name":"Killingback","email":"ckillingbackd8@wiley.com"},
{"first_name":"Jacquelyn","last_name":"Ondrak","email":"jondrakd9@tuttocitta.it"},
{"first_name":"Sofia","last_name":"Wilsher","email":"swilsherda@mail.ru"},
{"first_name":"Carce","last_name":"Sandbrook","email":"csandbrookdb@w3.org"},
{"first_name":"Lib","last_name":"Fishbourn","email":"lfishbourndc@wikimedia.org"},
{"first_name":"Avril","last_name":"Northeast","email":"anortheastdd@theguardian.com"},
{"first_name":"Lowell","last_name":"Hankins","email":"lhankinsde@constantcontact.com"},
{"first_name":"Lesya","last_name":"Stookes","email":"lstookesdf@a8.net"},
{"first_name":"Janeta","last_name":"McLice","email":"jmclicedg@yellowpages.com"},
{"first_name":"Mitchell","last_name":"Braithwaite","email":"mbraithwaitedh@nhs.uk"},
{"first_name":"Emelyne","last_name":"Diter","email":"editerdi@shinystat.com"},
{"first_name":"Anderson","last_name":"Danaher","email":"adanaherdj@liveinternet.ru"},
{"first_name":"Carolus","last_name":"Matusov","email":"cmatusovdk@wsj.com"},
{"first_name":"Allister","last_name":"Diviney","email":"adivineydl@com.com"},
{"first_name":"Findley","last_name":"Algeo","email":"falgeodm@un.org"},
{"first_name":"Tarrance","last_name":"Castagnasso","email":"tcastagnassodn@yolasite.com"},
{"first_name":"Rachael","last_name":"Linkleter","email":"rlinkleterdo@go.com"},
{"first_name":"Delmar","last_name":"Brittin","email":"dbrittindp@aol.com"},
{"first_name":"Dorita","last_name":"Caulliere","email":"dcaullieredq@example.com"},
{"first_name":"Abelard","last_name":"Rutt","email":"aruttdr@home.pl"},
{"first_name":"Prentice","last_name":"Mulran","email":"pmulrands@1und1.de"},
{"first_name":"Seth","last_name":"Conti","email":"scontidt@free.fr"},
{"first_name":"Tessa","last_name":"Sprakes","email":"tsprakesdu@cornell.edu"},
{"first_name":"Benn","last_name":"Kneel","email":"bkneeldv@ning.com"}]